"rho","pvalue","Correlation"
"-0.434607516910071","0.00143868290523402","Viral Particles"
"-0.528427128427128","4.42266799285882e-05","Viral RNA"
"-0.118982514896719","0.337559722704978","Time"
